{"cameraMode":{"drawMode":0,"name":"Shaded","section":"Shading Mode"},"sceneLighting":true,"audioPlay":false,"sceneViewState":{"m_AlwaysRefresh":false,"showFog":true,"showSkybox":true,"showFlares":true,"showImageEffects":true,"showParticleSystems":true,"showVisualEffectGraphs":true,"m_FxEnabled":true},"in2DMode":false,"pivot":{"x":-0.5197268724441528,"y":-0.02058050036430359,"z":-0.013529539108276368},"rotation":{"x":0.05281725153326988,"y":0.9117515683174133,"z":-0.12412750720977783,"w":0.38795778155326846},"size":0.8094053268432617,"orthographic":false}